{"Rungrado 1st of May Stadium": [39.0496732, 125.7753215], "Michigan Stadium": [42.2658749, -83.7486841], "Ohio Stadium": [40.0016458, -83.0197374], "Melbourne Cricket Ground": [-37.819909, 144.983225], "Camp Nou": [41.3808046, 2.1158872], "FNB Stadium": [-26.2347063, 27.9826439], "New Administrative Capital Stadium": [29.8921738, 31.673227], "Rose Bowl Stadium": [34.1613492, -118.1676674], "Cotton Bowl Stadium": [32.7796119, -96.7596025], "Wembley Stadium": [51.5560695, -0.2796034], "Lusail Stadium": [25.4208329, 51.4904784], "Estadio Azteca": [19.3029794, -99.15047], "Bukit Jalil National Stadium": [3.0546755, 101.691369], "Borg El-Arab Stadium": [30.9998511, 29.7296488], "Estadio M\u00e2s Monumental": [-34.5452932, -58.4497385], "Estadio Santiago Bernab\u00e9u": [40.4530225, -3.687422], "Stadium Australia": [-33.8471082, 151.0633848], "MetLife Stadium": [40.813507, -74.0743442], "Croke Park": [53.3603576, -6.2509812], "Jakarta International Stadium": [-6.1250747, 106.860201], "Lambeau Field": [44.5009705, -88.0619681], "Signal Iduna Park": [51.4924922, 7.4518549], "Stade de France": [48.9244726, 2.3601325], "Grand Sports Arena of the Luzhniki Olympic Complex": [55.7157445, 37.5537673], "Shah Alam Stadium": [3.0821312, 101.5451144], "Estadio Monumental": [-12.0556474, -76.9353339], "Stadio Giuseppe Meazza": [45.4782003, 9.123964], "Guangdong Olympic Stadium": [23.1380362, 113.4034296], "Hangzhou Olympic Sports Expo Centre Stadium": [30.2317101, 120.2254884], "AT&T Stadium": [32.7478502, -97.0928337], "Stade des Martyrs": [-5.9280631, 22.309603], "Beijing National Stadium": [40.0160281, 116.3713841], "Maracan\u00e3": [-22.9121619, -43.2311861], "Los Angeles Memorial Coliseum": [34.0139159, -118.2877996], "Azadi Stadium": [35.7244962, 51.2755487], "Stadion Utama Gelora Bung Karno": [-6.218536, 106.8026353], "Caesar's Superdome": null, "Arrowhead Stadium": [39.0489357, -94.4839993], "Empower Field": [39.743952, -105.0192228], "Atat\u00fcrk Olimpiyat Stadyumu": [41.0744732, 28.7656611], "Old Trafford": [53.4631095, -2.2913865], "Allianz Arena": [48.2187901, 11.6236227], "Naghsh-e-Jahan Stadium": [32.7424558, 51.686181], "Bank of America Stadium": [35.225774, -80.8528276], "Principality Stadium": [51.4782485, -3.1826256], "Olympiastadion": [52.5145846, 13.2398144], "Cairo International Stadium": [30.0690313, 31.3122096], "FirstEnergy Stadium": [41.5060559, -81.6997118], "Est\u00e1dio Nacional Man\u00e9 Garrincha": [-15.7837498, -47.8990287], "Stadio Olimpico": [41.9339423, 12.4547705], "Nissan Stadium": [35.5099882, 139.6063825], "NRG Stadium": [29.6848581, -95.4108015], "Shanghai Stadium": [31.1833432, 121.4373709], "M&T Bank Stadium": [39.2779734, -76.6226651], "Mercedes-Benz Stadium": [33.7554123, -84.4008493], "Riyadh Air Metropolitano": [40.436053, -3.5997153], "Olympic National Sports Complex Stadium": [50.4333967, 30.5230174], "SoFi Stadium": [33.9534073, -118.3390098], "Seoul Olympic Stadium": [37.5158632, 127.0727891], "Bak\u0131 Olimpiya stadionu": [40.429982, 49.919531], "Olympic Stadium": [38.0325514, 23.7944433], "Prince Moulay Abdellah Stadium": [33.959835, -6.8898851], "Olympiastadion M\u00fcnchen": [48.1731314, 11.5464786], "Lumen Field": [47.5953459, -122.3316443], "Estadio Ol\u00edmpico Universitario": [19.3316881, -99.1922864], "Gillette Stadium": [42.0908879, -71.2641731], "King Abdullah Sports City Stadium": [26.3790481, 43.9477172], "Lincoln Financial Field": [39.9009099, -75.1674892], "Levi's Stadium": [37.4029867, -121.9696489], "Acrisure Stadium": [40.4467166, -80.0157199], "Gazprom Arena": [59.9723766, 30.2210608], "Est\u00e1dio do Sport Lisboa e Benfica": [38.7526893, -9.1846899], "Salt Lake Stadium": [22.5690604, 88.4090201], "National Stadium": [35.6778596, 139.7135142], "TIAA Bank Field": null, "Orange V\u00e9lodrome": [43.269835, 5.3959117], "Pusk\u00e1s Ar\u00e9na": [47.503109, 19.0980509], "Scottish Gas Murrayfield Stadium": [55.9423132, -3.2408951], "Stade Mohammed V": [33.5828249, -7.6468329], "Lucas Oil Stadium": [39.7590621, -86.1638376], "MorumBIS": [-23.6001016, -46.7201264], "The Dome": [42.7786911, -73.1701063], "Yadegar-e-Emam Stadium": null, "Seoul World Cup Stadium": [37.5683021, 126.8972477], "US Bank Stadium": [44.9736155, -93.2574663], "Daegu Stadium": [35.8297517, 128.6901254], "Workers' Stadium": [39.9323548, 116.4442038], "London Stadium": [51.5386206, -0.0166238], "Raymond James Stadium": [27.9759793, -82.5033545], "Hard Rock Stadium": [25.9579031, -80.2388497], "Basra International Stadium": [30.4399273, 47.7798634], "Camping World Stadium": [28.5390398, -81.4027504], "Alamodome": [29.4168923, -98.4788949], "Ford Field": [42.3399567, -83.0456166], "Stade Ibn Battuta": [35.7412689, -5.8580825], "Stade du 5 Juillet": [36.7595143, 2.9952724], "Castel\u00e3o": [-3.806742, -38.5216794], "Saitama Stadium 2002": [35.90308, 139.7168256], "Ellis Park Stadium": [-26.1974789, 28.0607682], "Tottenham Hotspur Stadium": [51.604157, -0.0662604], "VELTINS-Arena": [51.5545938, 7.0676001], "Yizhong Sports Centre Stadium": null, "Est\u00e1dio Governador Magalh\u00e3es Pinto": [-19.8659115, -43.9710434], "King Fahd International Stadium": [24.7885806, 46.8391449], "Soldier Field": [41.8624515, -87.6167151], "Nanjing Olympic Sports Centre Stadium": [32.0106825, 118.7197543], "Anfield": [53.4309164, -2.9609314], "Estadio Benito Villamar\u00edn": [37.3564503, -5.9809176], "Abuja Stadium": null, "MHPArena": [48.7922487, 9.2320857], "Celtic Park": [55.8501815, -4.2068227], "Estadio de la UNSA": [-16.4073043, -71.5204685], "Emirates Stadium": [51.5550403, -0.1083997], "Shenzhen Universiade Sports Centre Stadium": [22.6970397, 114.2123372], "Estadio Centenario": [-34.8945393, -56.1526841], "Est\u00e1dio Jos\u00e9 do Rego Maciel": [-8.0268093, -34.8911967], "Stade L\u00e9opold S\u00e9dar Senghor": [14.7467716, -17.451914], "Al-Bayt Stadium": [25.6521339, 51.4878055], "Benjamin Mkapa National Stadium": [-6.8535747, 39.2732935], "Hefei Olympic Sports Centre Stadium": [31.797877, 117.222612], "Jaber al-Ahmad International Stadium": [29.2714649, 47.9187755], "Hammadi Agrebi Stadium": [36.7477717, 10.27314], "Jawaharlal Nehru Stadium": [28.583377, 77.2335404], "Mogadishu Stadium": [2.0674672, 45.3354647], "National Heroes Stadium": [-15.3695067, 28.273742], "Autzen Stadium": [44.0582178, -123.0684379], "Odi Stadium": [-25.5216914, 28.0405651], "Morodok Techo National Stadium": [11.6829771, 104.8763078], "Shenyang Olympic Sports Centre Stadium": [41.7391127, 123.457442], "Optus Stadium": [-31.9510448, 115.8890756], "National Sports Stadium": [-17.8214149, 30.9950735], "Estadio Monumental Isidro Romero Carbo": [-2.1858223, -79.92497], "Groupama Stadium": [45.7653624, 4.9820543], "Chongqing Olympic Sports Centre Stadium": [29.5286397, 106.5021603], "Kazimierz G\u00f3rski National Stadium": null, "Stadio San Nicola": [41.0847276, 16.8400849], "Commanders Field": null, "Deutsche Bank Park": [50.0686103, 8.6454154], "Estadio La Cartuja de Sevilla": [37.4172352, -6.0046134], "Carter\u2013Finley Stadium": [35.8008464, -78.7196045], "La Bombonera": [-34.6355171, -58.3649163], "Volksparkstadion": [53.5871535, 9.8987056], "Estadio Mario Alberto Kempes": [-31.3688468, -64.2461451], "Jinan Olympic Sports Centre Stadium": [36.6563763, 117.1102322], "Estadio Jalisco": [20.7047701, -103.3276846], "Commonwealth Stadium": [53.5596586, -113.4764233], "Dodger Stadium": [34.0736255, -118.2398452], "19 May 1956 Stadium": [36.8858551, 7.7339276], "Estadi Ol\u00edmpic Llu\u00eds Companys": [41.36472, 2.1556451], "El Cilindro": [-34.6675758, -58.3685308], "Arena do Gr\u00eamio": [-29.9740429, -51.1951073], "Arena Na\u021bional\u0103": [44.4372494, 26.1524758], "Stadion Rajko Miti\u0107": [44.7832202, 20.4646751], "Stadion \u015al\u0105ski": [50.2882457, 18.9734993], "Etihad Stadium": [53.4831448, -2.2005273], "Moi International Sports Centre": [-1.2275475, 36.890182], "Mestalla": [39.4745279, -0.3581566], "He Long Stadium": [28.181759, 112.9773897],